"newpol","pctmin","fires","thefts","pctold","income"
"newpol",1,-0.759419617694462,-0.686476637097934,-0.311618271486063,-0.605742815164042,0.750977987089972
"pctmin",-0.759419617694462,1,0.592795557202295,0.255064737606222,0.250511837060358,-0.703732845381081
"fires",-0.686476637097934,0.592795557202295,1,0.556210451682385,0.412222532186236,-0.610448074863406
"thefts",-0.311618271486063,0.255064737606222,0.556210451682385,1,0.317630801583856,-0.172922569308743
"pctold",-0.605742815164042,0.250511837060358,0.412222532186236,0.317630801583856,1,-0.528669527525474
"income",0.750977987089972,-0.703732845381081,-0.610448074863406,-0.172922569308743,-0.528669527525474,1
