"dfb.1_","dfb.pctm","dfb.firs","dfb.thft","dfb.pctl","dfb.incm","dffit","cov.r","cook.d","hat"
"6",0.0102000513624671,-0.0148871985115713,0.0244907775811303,0.0078661994777863,-0.0206549395531718,-0.00892866751938009,0.0406308090603811,1.48847900054571,0.000281981480666392,0.221564440303786
"7",4.19966616176459,-2.03409058657004,-1.08997499224953,-0.727560161488696,-1.36338593649081,-4.58042748202522,-5.37150916533274,0.602695081531993,3.66280041124203,0.676008566439828
"23",0.00180420740564489,-0.00136271609571327,0.0687291821214441,-0.0311462039198259,-0.0220605801935903,0.000189822880959226,0.0906373016530107,1.47357481470294,0.00140237413910804,0.21650709926637
"24",0.765751388063754,-1.2948939867601,0.203403689581709,3.1282073302407,-0.992148662845467,-1.13101005135837,3.99497106393051,1.39290113223804,2.3123156073338,0.690182305429009
